Time,,,Priority,Condition,Msg,Zone,MMSI,IMO,Name,Call Sign,Type,Latitude,Longitude,Info
1/9/2026 11:07,1/9/2026,11:07:00,Low,On Enter,Ship Enter Cable Zone,115kV Cable to Koh Samui 200m,567002815,7535169,RPX2,HSB3941,Passenger ship,9.451385,99.8833633,"SOG: 11.4 knt, COG: 51.0, Dest.: 567002815, AIS Msg: WARNING: ENTERING CABLE AREA - DO NOT ANCHOR."
1/9/2026 11:08,1/9/2026,11:08:00,Low,On Exit,Ship Exit Cable Zone,115kV Cable to Koh Samui 200m,567002815,7535169,RPX2,HSB3941,Passenger ship,9.453915,99.8863617,"SOG: 11.7 knt, COG: 50.8, Dest.: 567002815, AIS Msg: WARNING: YOU ARE EXIT THE CABLE AREA."
1/9/2026 12:21,1/9/2026,12:21:00,Low,On Enter,Ship Enter Cable Zone,115kV Cable to Koh Samui 200m,567001641,0,SEATRAN FERRY 11,HSB6580,Passenger ship,9.4935267,99.88939,"SOG: 13.0 knt, COG: 226.7, Dest.: KHO.SAMUI_SURAT, ETA: 2026-08-31 11:35, AIS Msg: WARNING: ENTERING CABLE AREA - DO NOT ANCHOR."
1/9/2026 12:23,1/9/2026,12:23:00,Low,On Exit,Ship Exit Cable Zone,115kV Cable to Koh Samui 200m,567001641,0,SEATRAN FERRY 11,HSB6580,Passenger ship,9.4875083,99.8843583,"SOG: 13.0 knt, COG: 219.0, Dest.: KHO.SAMUI_SURAT, ETA: 2026-08-31 11:35, AIS Msg: WARNING: YOU ARE EXIT THE CABLE AREA."
1/9/2026 12:23,1/9/2026,12:23:00,Low,On Enter,Ship Enter Cable Zone,115kV Cable to Koh Samui 200m,567002811,6920472,MV:RAJA 3,HSB4470,Passenger ship,9.566675,99.8961733,"SOG: 11.6 knt, COG: 28.1, AIS Msg: WARNING: ENTERING CABLE AREA - DO NOT ANCHOR."
1/9/2026 12:24,1/9/2026,12:24:00,Low,On Exit,Ship Exit Cable Zone,115kV Cable to Koh Samui 200m,567002811,6920472,MV:RAJA 3,HSB4470,Passenger ship,9.569485,99.8977267,"SOG: 11.7 knt, COG: 27.2, AIS Msg: WARNING: YOU ARE EXIT THE CABLE AREA."
1/9/2026 12:35,1/9/2026,12:35:00,Low,On Enter,Ship Enter Cable Zone,115kV Cable to Koh Samui 200m,567001588,9233894,SEATRANFERRY 10,HSB6336,Cargo ship,9.4884217,99.8817267,"SOG: 13.2 knt, COG: 41.5, Dest.: KOH SAMUI, ETA: 2026-11-04 05:00, AIS Msg: WARNING: ENTERING CABLE AREA - DO NOT ANCHOR."
1/9/2026 12:37,1/9/2026,12:37:00,Low,On Exit,Ship Exit Cable Zone,115kV Cable to Koh Samui 200m,567001588,9233894,SEATRANFERRY 10,HSB6336,Cargo ship,9.49449,99.88674,"SOG: 13.2 knt, COG: 39.8, Dest.: KOH SAMUI, ETA: 2026-11-04 05:00, AIS Msg: WARNING: YOU ARE EXIT THE CABLE AREA."
1/9/2026 13:00,1/9/2026,13:00:00,Low,On Enter,Ship Enter Cable Zone,115kV Cable to Koh Samui 200m,567001642,8833910,SEATRAN FERRY 12,HSB6629,Passenger ship,9.493635,99.88939,"SOG: 13.0 knt, COG: 228.0, Dest.: SURAT_KOH SAMUI, ETA: 2026-08-31 09:30, AIS Msg: WARNING: ENTERING CABLE AREA - DO NOT ANCHOR."
1/9/2026 13:02,1/9/2026,13:02:00,Low,On Exit,Ship Exit Cable Zone,115kV Cable to Koh Samui 200m,567001642,8833910,SEATRAN FERRY 12,HSB6629,Passenger ship,9.4878233,99.884285,"SOG: 13.1 knt, COG: 221.7, Dest.: SURAT_KOH SAMUI, ETA: 2026-08-31 09:30, AIS Msg: WARNING: YOU ARE EXIT THE CABLE AREA."
1/9/2026 13:16,1/9/2026,13:16:00,Low,On Enter,Ship Enter Cable Zone,115kV Cable to Koh Samui 200m,567002812,0,MV:RAJA 4,HSB4471,Passenger ship,9.570415,99.8973683,"SOG: 11.2 knt, COG: 208.5, AIS Msg: WARNING: ENTERING CABLE AREA - DO NOT ANCHOR."
1/9/2026 13:17,1/9/2026,13:17:00,Low,On Exit,Ship Exit Cable Zone,115kV Cable to Koh Samui 200m,567002812,0,MV:RAJA 4,HSB4471,Passenger ship,9.567675,99.89587,"SOG: 11.3 knt, COG: 207.7, AIS Msg: WARNING: YOU ARE EXIT THE CABLE AREA."
1/9/2026 13:35,1/9/2026,13:35:00,Low,On Enter,Ship Enter Cable Zone,115kV Cable to Koh Samui 200m,567001641,0,SEATRAN FERRY 11,HSB6580,Passenger ship,9.4883117,99.8817217,"SOG: 13.2 knt, COG: 41.6, Dest.: KHO.SAMUI_SURAT, ETA: 2026-08-31 11:35, AIS Msg: WARNING: ENTERING CABLE AREA - DO NOT ANCHOR."
1/9/2026 13:37,1/9/2026,13:37:00,Low,On Exit,Ship Exit Cable Zone,115kV Cable to Koh Samui 200m,567001641,0,SEATRAN FERRY 11,HSB6580,Passenger ship,9.4943967,99.8867383,"SOG: 13.2 knt, COG: 39.8, Dest.: KHO.SAMUI_SURAT, ETA: 2026-08-31 11:35, AIS Msg: WARNING: YOU ARE EXIT THE CABLE AREA."
1/9/2026 13:46,1/9/2026,13:46:00,Low,On Enter,Ship Enter Cable Zone,115kV Cable to Koh Samui 200m,567002824,0,MV:R4,HSB6698,Passenger ship,9.56673,99.896265,"SOG: 11.9 knt, COG: 28.0, AIS Msg: WARNING: ENTERING CABLE AREA - DO NOT ANCHOR."
1/9/2026 13:47,1/9/2026,13:47:00,Low,On Exit,Ship Exit Cable Zone,115kV Cable to Koh Samui 200m,567002824,0,MV:R4,HSB6698,Passenger ship,9.5695267,99.8978,"SOG: 11.9 knt, COG: 27.2, AIS Msg: WARNING: YOU ARE EXIT THE CABLE AREA."
1/9/2026 14:13,1/9/2026,14:13:00,Low,On Enter,Ship Enter Cable Zone,115kV Cable to Koh Samui 200m,567002811,6920472,MV:RAJA 3,HSB4470,Passenger ship,9.570535,99.897455,"SOG: 11.2 knt, COG: 209.0, AIS Msg: WARNING: ENTERING CABLE AREA - DO NOT ANCHOR."
1/9/2026 14:14,1/9/2026,14:14:00,Low,On Exit,Ship Exit Cable Zone,115kV Cable to Koh Samui 200m,567002811,6920472,MV:RAJA 3,HSB4470,Passenger ship,9.5677867,99.895955,"SOG: 11.3 knt, COG: 208.5, AIS Msg: WARNING: YOU ARE EXIT THE CABLE AREA."
1/9/2026 14:18,1/9/2026,14:18:00,Low,On Enter,Ship Enter Cable Zone,115kV Cable to Koh Samui 200m,567001588,9233894,SEATRANFERRY 10,HSB6336,Cargo ship,9.4933933,99.88939,"SOG: 12.9 knt, COG: 226.7, Dest.: DONSAK, ETA: 2026-11-04 07:00, AIS Msg: WARNING: ENTERING CABLE AREA - DO NOT ANCHOR."
1/9/2026 14:20,1/9/2026,14:20:00,Low,On Exit,Ship Exit Cable Zone,115kV Cable to Koh Samui 200m,567001588,9233894,SEATRANFERRY 10,HSB6336,Cargo ship,9.4873733,99.8843517,"SOG: 13.0 knt, COG: 219.0, Dest.: DONSAK, ETA: 2026-11-04 07:00, AIS Msg: WARNING: YOU ARE EXIT THE CABLE AREA."
1/9/2026 14:35,1/9/2026,14:35:00,Low,On Enter,Ship Enter Cable Zone,115kV Cable to Koh Samui 200m,567001642,8833910,SEATRAN FERRY 12,HSB6629,Passenger ship,9.4883983,99.8817267,"SOG: 13.2 knt, COG: 41.5, Dest.: SURAT_KOH SAMUI, ETA: 2026-08-31 09:30, AIS Msg: WARNING: ENTERING CABLE AREA - DO NOT ANCHOR."
1/9/2026 14:37,1/9/2026,14:37:00,Low,On Exit,Ship Exit Cable Zone,115kV Cable to Koh Samui 200m,567001642,8833910,SEATRAN FERRY 12,HSB6629,Passenger ship,9.4944883,99.8867383,"SOG: 13.2 knt, COG: 39.8, Dest.: SURAT_KOH SAMUI, ETA: 2026-08-31 09:30, AIS Msg: WARNING: YOU ARE EXIT THE CABLE AREA."
1/9/2026 14:52,1/9/2026,14:52:00,Low,On Enter,Ship Enter Cable Zone,115kV Cable to Koh Samui 200m,567002815,7535169,RPX2,HSB3941,Passenger ship,9.4530517,99.8861217,"SOG: 11.2 knt, COG: 228.3, Dest.: 567002815, AIS Msg: WARNING: ENTERING CABLE AREA - DO NOT ANCHOR."
1/9/2026 14:53,1/9/2026,14:53:00,Low,On Exit,Ship Exit Cable Zone,115kV Cable to Koh Samui 200m,567002815,7535169,RPX2,HSB3941,Passenger ship,9.45037,99.88331,"SOG: 11.3 knt, COG: 227.1, Dest.: 567002815, AIS Msg: WARNING: YOU ARE EXIT THE CABLE AREA."
1/9/2026 15:02,1/9/2026,15:02:00,Low,On Enter,Ship Enter Cable Zone,115kV Cable to Koh Samui 200m,567002812,0,MV:RAJA 4,HSB4471,Passenger ship,9.566675,99.896225,"SOG: 11.8 knt, COG: 28.0, AIS Msg: WARNING: ENTERING CABLE AREA - DO NOT ANCHOR."
1/9/2026 15:03,1/9/2026,15:03:00,Low,On Exit,Ship Exit Cable Zone,115kV Cable to Koh Samui 200m,567002812,0,MV:RAJA 4,HSB4471,Passenger ship,9.5694767,99.89776,"SOG: 11.8 knt, COG: 27.2, AIS Msg: WARNING: YOU ARE EXIT THE CABLE AREA."
2/9/2026 08:35,2/9/2026,08:35:00,Low,On Enter,Ship Enter Cable Zone,115kV Cable to Koh Samui 200m,567001641,0,SEATRAN FERRY 11,HSB6580,Passenger ship,9.4883117,99.8817217,"SOG: 13.2 knt, COG: 41.6, Dest.: KHO.SAMUI_SURAT, ETA: 2026-09-02 08:30, AIS Msg: WARNING: ENTERING CABLE AREA - DO NOT ANCHOR."
2/9/2026 08:37,2/9/2026,08:37:00,Low,On Exit,Ship Exit Cable Zone,115kV Cable to Koh Samui 200m,567001641,0,SEATRAN FERRY 11,HSB6580,Passenger ship,9.4943967,99.8867383,"SOG: 13.2 knt, COG: 39.8, Dest.: KHO.SAMUI_SURAT, ETA: 2026-09-02 08:30, AIS Msg: WARNING: YOU ARE EXIT THE CABLE AREA."
3/9/2026 10:15,3/9/2026,10:15:00,Low,On Enter,Ship Enter Cable Zone,115kV Cable to Koh Samui 200m,567001642,8833910,SEATRAN FERRY 12,HSB6629,Passenger ship,9.493635,99.88939,"SOG: 13.0 knt, COG: 228.0, Dest.: SURAT_KOH SAMUI, ETA: 2026-09-03 10:10, AIS Msg: WARNING: ENTERING CABLE AREA - DO NOT ANCHOR."
3/9/2026 10:17,3/9/2026,10:17:00,Low,On Exit,Ship Exit Cable Zone,115kV Cable to Koh Samui 200m,567001642,8833910,SEATRAN FERRY 12,HSB6629,Passenger ship,9.4878233,99.884285,"SOG: 13.1 knt, COG: 221.7, Dest.: SURAT_KOH SAMUI, ETA: 2026-09-03 10:10, AIS Msg: WARNING: YOU ARE EXIT THE CABLE AREA."
4/9/2026 11:20,4/9/2026,11:20:00,High,In Zone,Ship Anchoring inside Cable Zone,115kV Cable to Koh Samui 200m,567256323,0,ALISCHA,,Towing,9.2866667,99.8650133,"SOG: 1.8 knt, COG: 330.0, AIS Msg: WARNING: DO NOT ANCHOR IN ANY CASE."
4/9/2026 11:25,4/9/2026,11:25:00,Low,On Exit,Ship Exit Cable Zone,115kV Cable to Koh Samui 200m,567256323,0,ALISCHA,,Towing,9.290025,99.86246,"SOG: 2.1 knt, COG: 317.6, AIS Msg: WARNING: YOU ARE EXIT THE CABLE AREA."
5/9/2026 14:10,5/9/2026,14:10:00,Low,On Enter,Ship Enter Cable Zone,115kV Cable to Koh Samui 200m,567002815,7535169,RPX2,HSB3941,Passenger ship,9.451385,99.8833633,"SOG: 11.4 knt, COG: 51.0, Dest.: 567002815, AIS Msg: WARNING: ENTERING CABLE AREA - DO NOT ANCHOR."
5/9/2026 14:12,5/9/2026,14:12:00,Low,On Exit,Ship Exit Cable Zone,115kV Cable to Koh Samui 200m,567002815,7535169,RPX2,HSB3941,Passenger ship,9.453915,99.8863617,"SOG: 11.7 knt, COG: 50.8, Dest.: 567002815, AIS Msg: WARNING: YOU ARE EXIT THE CABLE AREA."
6/9/2026 09:40,6/9/2026,09:40:00,Low,On Enter,Ship Enter Cable Zone,115kV Cable to Koh Samui 200m,567001588,9233894,SEATRANFERRY 10,HSB6336,Cargo ship,9.4884217,99.8817267,"SOG: 13.2 knt, COG: 41.5, Dest.: KOH SAMUI, ETA: 2026-09-06 09:35, AIS Msg: WARNING: ENTERING CABLE AREA - DO NOT ANCHOR."
6/9/2026 09:42,6/9/2026,09:42:00,Low,On Exit,Ship Exit Cable Zone,115kV Cable to Koh Samui 200m,567001588,9233894,SEATRANFERRY 10,HSB6336,Cargo ship,9.49449,99.88674,"SOG: 13.2 knt, COG: 39.8, Dest.: KOH SAMUI, ETA: 2026-09-06 09:35, AIS Msg: WARNING: YOU ARE EXIT THE CABLE AREA."
7/9/2026 16:05,7/9/2026,16:05:00,Low,On Enter,Ship Enter Cable Zone,115kV Cable to Koh Samui 200m,567002811,6920472,MV:RAJA 3,HSB4470,Passenger ship,9.566675,99.8961733,"SOG: 11.6 knt, COG: 28.1, AIS Msg: WARNING: ENTERING CABLE AREA - DO NOT ANCHOR."
7/9/2026 16:07,7/9/2026,16:07:00,Low,On Exit,Ship Exit Cable Zone,115kV Cable to Koh Samui 200m,567002811,6920472,MV:RAJA 3,HSB4470,Passenger ship,9.569485,99.8977267,"SOG: 11.7 knt, COG: 27.2, AIS Msg: WARNING: YOU ARE EXIT THE CABLE AREA."
8/9/2026 10:57,8/9/2026,10:57:00,Low,On Enter,Ship Enter Cable Zone,115kV Cable to Koh Samui 200m,567001588,9233894,SEATRANFERRY 10,HSB6336,Cargo ship,9.4933933,99.88939,"SOG: 13.0 knt, COG: 226.7, Dest.: DONSAK, ETA: 2026-11-04 07:00, AIS Msg: WARNING: ENTERING CABLE AREA - DO NOT ANCHOR."
8/9/2026 10:59,8/9/2026,10:59:00,Low,On Exit,Ship Exit Cable Zone,115kV Cable to Koh Samui 200m,567001588,9233894,SEATRANFERRY 10,HSB6336,Cargo ship,9.4913667,99.88486,"SOG: 13.2 knt, COG: 222.3, Dest.: DONSAK, ETA: 2026-11-04 07:00, AIS Msg: WARNING: YOU ARE EXIT THE CABLE AREA."